feature_1,feature_2,feature_3,feature_4,feature_5,feature_6,feature_7,feature_8,feature_9,target
-3.51479347888903,-2.7784506735254806,-1.3737117860588492,0.833030859998511,-5.35232924792287,2.747113845646871,-0.4100480303094889,0.0935055489057235,0.19159244819125096,1
0.07787283943080636,-3.020702711923213,-1.1130051467748423,0.5584328727910142,5.265157909149295,-4.662167549054049,-1.1314383838493125,0.7948058166470459,1.5681707798666218,0
3.7704452078423585,-1.5662361611639968,-0.7978532655336377,1.9243455412180814,3.541287792203605,-3.87069046510896,-0.505436726133206,0.40165533294293754,3.1103390656041143,0
-2.12962454779682,-3.314217956229662,-1.5130647816721912,1.7831547329681237,-5.625260784802574,0.5840559343028577,-0.6683516150743869,0.12138555264611711,0.5338294526821381,1
-2.7173788211807244,-0.2071948896966065,-0.29465443463303975,-1.5686256447812763,-3.4812284073291213,1.6872296292371018,-1.2953843499885598,0.298310633967815,3.045357376009987,1
0.4153055641319652,-3.2846060799970864,0.4755086912226816,2.145931719484901,2.5014222212947184,-3.568837314398462,0.42906668040595175,0.16495307853042324,1.7361220322857873,0
1.1471165220302866,-1.2395359257604777,4.468157920221599,0.6785583656110865,1.5600136601496415,0.15380179446592734,-0.09350335796548448,0.1529382085576855,0.6559499121838905,0
2.8086366481651215,-4.932850529122419,1.456409658563271,3.9765167333287925,0.35142986433915135,-0.8342670883472743,1.4628039692960146,0.3111916175626455,1.1209382049078656,0
4.269640952675704,-2.8540768789519637,0.724609719980315,1.840998318093055,2.5850797800807888,-1.0732546387899442,-1.871561678071767,0.03991240877186907,0.5709015467595228,0
1.2447204957974585,-0.9864967283431223,3.1609481255032454,3.022672973406727,0.48976483819673144,-1.8476322500685405,0.5754717102205054,0.053659207864530406,0.8180834078763708,0
-1.6352871574284842,-1.2153438536346741,-2.570382007483304,-3.556771093528628,-1.1436017735728359,1.825413578947164,1.0517955140462445,0.3182142680979291,0.05979919565651827,1
0.49255083678862266,0.7421894632598605,4.783509704009875,3.814502451856182,0.9687177719946392,0.399931934479524,1.0379462767532281,0.18075797370012864,1.1915946484407787,0
2.4003045763510515,-0.4582247677949607,2.890870412195403,0.5630582333766871,2.603378433379182,-3.0312703026350025,1.5442958683821004,0.3640557086995937,0.05427103343848683,0
3.0020125128819615,-2.209886229917561,2.4146488338889194,1.6646494556026323,1.3421230060424678,-0.51365239965938,0.9161349713179763,0.2608799119347449,1.6987334247283825,0
2.9984684962141017,-3.3518414526410885,1.1110526252789537,2.6211486536502644,1.9843611619537018,-1.0633622664831932,1.7112402465907852,0.15596353991453946,1.7426660908073248,0
-0.7328118900603753,-2.5065423046526387,-2.436355425755223,-1.9591487694434988,-1.6103738186764294,2.0491051849151947,-0.6693736007164341,0.3785193435272143,0.2705985471352602,1
-2.3373496390492705,-0.39450192073714274,-0.8439689197285278,-5.680349047438864,1.110414469215741,3.585043006175651,0.012837667006172282,0.302337746371279,0.39106348269919095,1
-0.6030633072307474,-1.5108520429455283,-1.314966609942979,-3.3632403736261147,-1.4157852736195045,1.2051327066535795,-1.9436813468684373,0.7672429890629722,0.6564496066128794,1
2.518925277165873,-0.17538216778601323,1.5835125270597477,1.8528704250685908,3.6254909797597854,-3.92547264030405,-1.9721696507868351,0.1855467360743156,0.9079826074479017,0
0.08460157662409085,0.21962347907020074,3.4579340142457617,1.8315753732148194,1.9801660879524663,-1.9712857305629818,-1.0394935181939204,0.09630752226362548,0.33877000089958315,0
-3.1866984871396924,-2.435880685277141,0.058827034467331174,-1.3155667353760059,-2.808696287514738,5.121769247340792,-1.596771211443659,0.47600430235916774,0.897680983991306,1
1.489034533401516,0.1534141118945036,4.329285180160459,3.3331435759470125,0.7334658458086154,-0.08260963379562614,-0.9591545282569856,0.22894135696305834,0.35351860645868755,0
3.5524724186274286,-2.1524498239046874,0.9036683694295764,1.3047084547660348,2.8116107740998895,-1.039064970400672,-1.2918268218864104,0.11151994216391814,0.057089767918433336,0
3.9458102042327567,-2.53074122331763,-0.9106253591882507,1.8546519004641717,3.4648167233699585,-4.008100072663514,-1.885919900645407,0.3119859888731634,0.0025307494786335097,0
4.260580387252121,-1.9879379400158126,2.709331019586217,2.672709252856621,0.3607368533495354,-3.645398371041871,1.6372165856241976,0.2916090381621074,0.10664028745922989,0
5.744380845515597,-6.4494169245375925,0.8014731424798025,2.077482957671349,0.3059168924743929,-0.30671019446762315,-1.967107474444434,0.2536866590296014,1.5714232154761731,0
1.510243667220347,-1.7876074773903414,-1.5021759400771648,-1.8884444838231105,-2.159808932931363,0.08980433645433239,0.9443285773483416,0.3623798560294576,3.255314533354306,1
3.2372151523661232,-3.0495732933262003,1.2176984965238573,1.150503492213025,1.78135302908355,-2.908003499405902,-1.3914084523219339,0.18466532912825498,0.5568105749691706,0
0.4738432703761517,-2.5638693934942314,0.8833110604197887,-2.0438445122827162,-3.3862286758932743,4.514978905536271,1.6489184879984,0.46444320597423794,0.7188424001651812,1
-1.0303334862921378,-2.045084611043504,3.817052526307913,0.3530334096450558,1.7127398783704706,-3.762408375015873,1.5711837583595432,0.3356162648369526,0.15881775093301573,0
-3.0936908348183563,-3.581162510810229,-5.301352084416103,0.23782360701769045,-2.2905314023104903,0.6193454569023318,0.6156045854770293,0.10443655618211217,0.8008022214734067,1
0.0995822927068013,-1.3426532247791068,3.03537538953462,3.2218915818124425,0.9244712139444362,-1.4180833623746896,0.6889365992024206,0.37069153050063336,0.15625026809573023,0
1.4996853042394904,-0.7763357737993843,3.8306065805478506,4.133822460532739,0.16939694752268664,4.375910142315254,-1.9786434321212458,0.20592513278660787,0.9447270671544978,0
-1.4465507625989749,-1.6803173631100592,-0.6394196979084419,1.2795660060223084,-6.6968817888715755,2.120283679094886,1.9394862644544082,0.7739604557651556,2.7069308415317606,1
-3.132336706846404,-2.5328953739743216,-2.6821711588693433,-0.8647052677694589,-3.8319628202110625,2.6594076627358496,1.5113304143032575,0.176459068556819,0.21778112896415153,1
-3.223826271230104,-1.5754879178528833,-2.8907607028442985,-1.9992613719965069,-1.5554629710849182,1.5563646135449938,1.580424902920368,0.1086120056800174,1.4463149671332873,1
3.151908857192225,-1.136706927174115,3.3867139923795815,4.29679086648342,0.2341478102684995,2.044108650280311,0.6369781482034877,0.16134039078289278,0.023783009793237227,0
4.0587548542068035,-4.489940560087266,-0.934217559504734,1.1461892837772711,3.1774309493607173,-2.803138638463015,-0.6208522853818539,0.22389435589428225,0.47079953200691954,0
2.3973422858230156,-2.6064852177391513,1.2628605455596131,2.152528386576433,1.9398289558931907,-0.9296211435525383,1.5745945963619232,0.2274442729895193,0.11737519014599415,0
-0.5822602672159656,-0.9834729218246605,-0.7752572463079863,-3.6560882150968474,-0.7279932064772738,1.1937839758899496,-0.8339322873952306,0.3604458420110737,0.43459855809016423,1
-0.7552538804179052,-1.6899076771910637,-2.593329872813067,-1.1962046768418098,-3.0144580943822676,-0.04346823063408767,0.25084617336881143,0.06801129144977802,0.19060003257829425,1
1.7853650936451442,-2.6553356055387836,-0.17365872708966634,0.3964564411893057,4.446789535165083,-6.161675387531554,-1.6010761106244704,0.1308637344236113,0.46729528432172357,0
-0.6006503820367963,-2.2644375396052228,-1.035032510543978,0.957228822394872,-5.714619746528556,0.5177922131154629,1.6878225205310007,0.26916728385670613,0.5404652464246774,1
-3.544891254871892,-0.43682034937347813,0.04678651077858387,0.1919331401659039,-5.301207577640289,3.0529285873296383,-1.4369181689151467,0.09062321295448135,0.3575197618124777,1
1.140035063129703,2.0685789094580356,4.455268376774702,4.005702086414096,0.909705217460683,-2.6370758112384647,-1.100412777078371,0.38581110782029926,1.0689232506545896,0
2.0658020751214474,-1.76404691112978,3.479115573657251,3.4560401342177727,0.7274827667367434,-0.7904292292460664,0.23253663251285994,0.13462023686311153,2.511481262715133,0
4.143060914154664,-3.7542038968849605,-0.8170384470099123,1.9082064908639138,2.4158490838935034,-1.467423396541637,1.0563720008519262,0.18176079944126686,0.5118184065872661,0
2.288532325041232,-0.5094309189444932,2.159282649455314,1.106819220281738,3.0242787007475798,-0.5554497070977198,0.4774052237451958,0.08671500456148368,0.21361800927873742,0
-1.3310598997186327,-2.5128485218904912,0.8549611809791897,-1.4109794375900153,-3.4221242251653954,5.018456485685917,-1.0714643487993754,0.0797779791639122,0.31570131501290344,1
1.1272962847140482,-0.05601906911218224,1.8009138050496798,3.391433553799888,1.3338191073134902,-0.6159954847886546,-1.9962278298900387,0.4667113550674009,1.9241542976757964,0
-1.6092426363775627,-2.226485934147046,-2.771260757498981,-1.5631171543209628,-1.7325937880306999,0.14230012345133125,1.0286023212297568,0.23462617796568244,0.8477906694279792,1
4.018720281319244,-4.597711267781442,-1.7787892970042924,2.188077100480597,3.592406546772584,-2.448283522986064,1.940829303644375,0.1509094262690012,0.6069897272888397,0
4.297239577300245,-2.3130745086936346,1.7890507303595897,1.1134455560088177,1.3081031432933605,-1.9113407802099682,1.2396524812243617,0.4011850064190916,0.16209163434126814,0
-0.18683230953395746,-1.3109746608535662,1.9544928270841289,1.8832486736564833,3.2237763566582913,-4.9898379756210645,-0.15917352737353863,0.7362058914355981,0.5973413205776712,0
3.7203859338624956,-5.1077816496103114,1.02598754324048,0.7305147932574718,3.031673971943164,-3.8373281755913986,1.6150690455964263,0.2184471772023477,0.326411817471886,0
-0.07611474158032427,-1.8155309429838964,3.8067778066293148,0.18519462500948802,1.2554428988338935,-4.17273764848056,-0.3606093075265999,0.4699267489150663,2.8675700063551695,0
2.2306733631438442,-1.9580737807610842,1.8667551088035652,2.924103614885396,2.2831779639170757,-2.1560333278883324,0.09973633697387019,0.43491550786413563,2.1547696621088748,0
4.530937596702925,-3.344814926704035,0.0914368068789162,2.2827274001638895,2.1723592811677825,-2.6701682674426728,-0.09148093041726701,0.2994639079970963,0.08763252458353092,0
-1.127511250590568,-4.12265849512076,-2.134491885833084,-1.6351236260371995,-2.5179043288238576,4.16122641358323,-0.2095045093379002,0.2397061180698788,0.7270214690098432,1
5.406656979842473,-2.592798435118646,-0.7609461701774509,2.167207355582533,3.109518192081559,-3.5085186540917515,1.100763077175623,0.664582651962105,0.25496753699787367,0
2.6404956386400174,-3.937091944992264,-2.458778287604275,-0.775041243833789,6.836318464092168,-5.755844925647797,0.10707562907796797,0.10000139427788506,0.5289507111107443,0
-2.890148129953815,-1.706245711345658,-2.1802879419334666,-1.2949691377965231,-2.002684011901552,2.409516314775563,-0.7331315118991357,0.5260871285486125,2.09433589999192,1
6.436547947532419,-1.8713237972959016,-0.37414853446404983,3.3063395423238955,2.0607248746229194,-2.4033111374571634,-0.9673673293660867,0.21646972025506492,0.7497482624433596,0
0.856230955407622,-2.4627514789537397,1.4949706075201954,2.9043658575301565,2.0136486512589173,-1.024139766467104,-1.8490107321302665,0.18390930986555948,0.40678892402205696,0
0.8495407253829717,-1.4916822748015457,1.8516185060489125,3.2440257237595107,2.1316650345542323,0.09359809275468,0.33278064753218395,0.0835751494984771,0.2330529300634855,0
-0.6708334121078485,-2.194239731166663,-3.181916613833078,-4.106211796706023,1.0347473747079383,-0.3009141237431896,-1.0801543383958632,0.2127651940364753,1.611063530067197,1
4.871975717362004,-2.792971883112864,1.8115702162468377,2.434205738695194,0.3813905090541718,-0.22512819586913024,-1.4074643119344676,0.0917366575984314,0.9795447859311368,0
1.351667625418849,-1.9175875103825617,2.803136931447157,2.542162200883185,2.1379417240952936,-0.8980542932301978,0.6153198553107107,0.469934473588362,0.6312348431252306,0
-1.5501096338877036,-0.5401783565002503,4.001591068427814,1.0463446641041787,2.2846390413675066,-4.845305729594926,0.7248370312861954,0.2593427798090144,0.24524136170444052,0
-0.2972175168456972,-3.0415728057508256,-1.5220297764547188,-1.7075401908319359,-2.8783959853061,1.8930985022629243,1.0086195690306639,0.3792374326992001,0.40683560805002544,1
0.7195424357887976,-4.167425000282886,0.5496688153137981,-0.25438912017942217,3.8672538766265694,-2.6805571863378828,0.014307585354365937,0.21929833016933348,3.2149691343935776,0
3.2894720535219646,-3.6493688793680064,0.6832204218299169,1.6174550390430058,2.3426351147622024,-0.7036336690820195,1.5762184208155463,0.3586589879571438,0.734156562648309,0
-1.0838085232316959,-1.643960691367043,-3.088504366113507,-3.580842218435663,-0.809378849698595,1.6916862722972226,1.7453710135929112,0.14634003085063454,0.5119917721915899,1
-0.07270570051582181,-2.0450644759262437,2.943427551820412,0.8373431355479497,2.2590907653871044,-4.351901431995699,1.2294837591699577,0.1871429434457787,0.7369361604571526,0
1.0898803959318115,-1.5314663198060627,1.6213055439420077,0.9984478994226902,3.2259957976223075,-2.579353163906628,0.5423739280327489,0.12724351227413871,1.5095405693127983,0
1.4139590938318403,0.3294871871494731,3.616920472285993,2.993267692094535,1.8028707827431476,-1.3119067276382834,-0.7851161856352453,0.387302669046323,0.41568051289216906,0
-0.28941257724421465,-1.3673914272441583,2.647448630107822,2.994814809426988,1.9835655595245962,-1.6167521200483688,1.9317796864808847,0.16820390373403707,0.19687428100041002,0
-1.9945053935537258,-0.6083482258858219,-2.3731766735535946,-5.880273038065133,1.8701941241965256,1.7172294622387017,-0.9034553312322466,0.3822011844735794,0.8793228388845714,1
-5.367939293597551,-2.0881109711445527,-4.909208276502665,-2.8100499778357446,-0.26172105464770845,2.4799716708236317,-1.1893723120382758,0.020898411833256237,1.094234196956466,1
0.4369079230396604,1.7202887482333193,2.1558902429367808,3.522919011161109,2.9180682553290627,-0.21928490783328103,-0.23138354485366897,0.5557597705778299,1.2472909775378922,0
2.366626415778168,-0.21657420157250384,-0.19273819141823445,2.281187144632705,3.8954901740675494,-3.552781647987266,-1.7726377171504462,0.22394140970592283,2.1369654970468117,0
-0.28579516921804027,-2.498964863569449,-2.2181095667305692,-2.7360579286544136,-1.1247936459746917,1.5905551672827236,1.9139778586871632,0.37254415581886124,0.46390088204915597,1
-3.2930085981349078,-2.4878976805186843,-4.20052067642661,-1.0965259632042836,-1.4748892707833172,1.4569950265753753,0.35373422566569923,0.02098405465462142,0.07834528668929307,1
5.031834438125999,-3.017061352603991,-1.425161249216658,2.111070683371598,4.435908780052747,-3.5420583582151304,0.227808366656701,0.05059258945790459,3.178419904487521,0
2.8403192109527535,-4.12242501410884,1.6286468657353639,0.7701000665936151,2.336894543180617,-4.618073378320226,0.6231851195988796,0.7945363708814471,0.5709506585673316,0
-3.0537679741905714,-1.8560663086866709,-2.4706881999246186,-1.7246387999075372,-2.401545853242168,1.0710061479892634,-0.011905408891173419,0.1781725144165805,0.976193374449591,1
2.2183028966260223,-2.5701989840124146,0.7567502551774437,0.5895450986801107,3.1735483574797896,-3.9272151713623753,-1.8717459316218337,0.5310129530485904,1.097528845189896,0
-0.8137105663126869,-0.8719518020210426,2.715722437299233,-4.056390280245841,-1.887825808331475,4.951407402082673,0.44924515536158705,0.13730371527256038,0.7907902385524267,1
-0.8239993058651214,-3.1083120809507117,-0.9182232043454639,-1.3142818395654414,-2.726333300044879,2.665771267038151,0.8646955078257226,0.2753409346090931,0.22973715358183835,1
4.719430621770803,-2.2638282859815915,0.7966139695831869,0.2277425215674218,3.7504380546625677,-5.436284477955001,-0.3330037575037874,0.25466498110495867,1.407081116985631,0
5.38442122111427,-1.8746926753761286,1.853536047158114,1.6900252961108688,1.5596704788463371,-2.2571092873505,1.0291822882847717,0.14270700421211402,1.6283759825184094,0
1.5039744528153602,-1.632826732153256,3.3013863788054563,3.1592253547356695,1.4107889354235317,-2.8789989001558007,-1.0919948026463175,0.2393693720523304,0.8051420684493954,0
1.9143701630761476,-1.2790937935484932,2.6746334209219125,1.1957898713066264,2.025838377472536,-3.8113688717538894,-1.114893635735264,0.09904749567239608,0.6705272717755004,0
0.0113411042793361,-2.815377390930273,-1.91612566210351,-2.466090222355172,-0.6336781677932146,0.09789016483858304,-1.3543320492497042,0.5961039827723912,0.12096856007501247,1
1.8119895328342746,-4.000663780679208,1.6663399463004889,0.44436629112720083,1.749719414849777,-2.9192807898047515,-0.5120209608433526,0.27384519417917336,0.08768614441191665,0
4.523330309922093,-4.549149083098165,0.08022171194860572,3.217442707953947,1.5614458353878122,0.25973452277196296,1.3880481415563342,0.23943843079795413,0.4148563363170948,0
2.7259362816805908,-2.9911124388467822,1.864031176814882,1.0181758032085404,2.24263240470245,-5.263698931565573,1.3116482485962573,0.09592199406868976,0.3722907462711554,0
1.218750667834613,-1.2942950776451825,1.6782399206742973,2.645718767373149,2.056752507932269,-6.112417058195497,-0.4687031681459848,0.31208395624414015,3.071673176015221,0
-0.19301142949567396,-2.4622069153775965,1.6743580637865532,2.9584666005486535,1.1195306630687196,-2.2467829219486664,0.35647494392094625,0.09131534061322015,1.5307318320031842,0
-0.022409575809754223,-0.7980921990967409,4.636853093844214,3.0309706551577182,0.39692547784383647,0.08867352512345006,0.8832652658996625,0.09817901122297269,1.0785870251544472,0
5.900582976292997,-3.4828173922166767,0.541596757519633,1.9096992136632072,2.067831030292839,0.6791965114731262,-1.035172901487908,0.1406934063398773,0.7290813255564951,0
0.8146122150706145,-3.419644907173752,0.5092125017427618,2.6490374961194623,2.5474463282021884,-1.6981308479374104,-1.3274356564210117,0.036471021649683265,0.18316294753587192,0
-0.3322549159085484,-2.5671536869650082,1.8347120984924525,0.8214225904279406,2.681159818448844,-4.503450884052109,1.888383972849244,0.09036712999611436,3.8376891244926297,0
-2.003960021193201,1.397795527843313,1.6606254989232734,-4.698152753628515,-1.449972866758972,4.879742342412386,0.47022925283847394,0.2751210734555541,0.47006874855028746,1
1.6263934707697805,-1.459357169175147,1.1108505586136217,1.9827704460096693,2.4354644140007733,-1.212325882651116,1.9256628873346555,0.2933224133773137,0.11308538964670689,0
-0.6236977392717327,-3.366768522729717,-3.3102162427065958,-2.4642473230264796,-0.6930376871669766,0.4728679029428533,-0.6489760514710836,0.09793866259816449,0.6808212493558043,1
-7.617549591828284,1.8254525023794343,-2.5564264741552947,-2.8963491559976164,-1.8557438121167558,3.0193683528257944,0.812126799896526,0.3540293523738803,2.0714575913066295,1
4.496086751013634,-3.185131119203262,0.7106335978637626,2.722062332153336,1.1961394886495818,-2.032769791955357,-1.1095854538350491,0.3927334586612469,2.182946018863909,0
1.8173356984640605,-0.9584000090716733,1.9612496152170003,4.347723744176337,0.9468163078789336,-1.7334057743640205,-0.9551993149043483,0.4211069715116278,0.011026484916302455,0
-1.4100601045554253,-2.547402231852472,-3.3288170694320502,-1.5065428600966766,-0.8240764653361667,1.043091029314386,0.04760848507849591,0.467208932956789,2.1741544536963993,1
1.658769023491364,-0.3716107344118973,3.2456035798869705,1.7913147736790542,1.2979866541595335,-1.3110093414172546,-0.7215274979677151,0.20919936198081218,0.3167459892024919,0
2.834664380644778,0.2674204150823116,3.872244473121975,3.5488055083102505,0.22979277396409392,-2.0201930096512437,-1.3295137446376621,0.16709537736963567,0.039752112848252585,0
2.2043332415529786,-0.9299896944638368,3.4782103917610447,1.83566045225861,0.9643698144118045,-0.6443161853241988,-0.948477192042696,0.241350623731198,1.8824959089412314,0
-1.6128046820632225,-0.8730335480461966,4.424673402508464,2.436106580266678,0.6027560956593221,-3.282400278897615,-1.8570064221365414,0.2970794634573549,1.9941211374927255,0
1.2358181667499775,-3.5009086864871595,1.0473556016088144,1.3934783116727478,2.3798880001197515,-4.210556816533263,0.8176944859099464,0.4132021119127898,0.9069125444716376,0
1.1708392850327156,-1.1035812660077164,-0.0349167256529177,2.664230373034145,4.004006344400455,-3.3863705047542916,-0.031533371656553566,0.05845621703141029,0.8543346610561877,0
-2.0167558087604602,-1.9906870235901803,-2.4667242020001985,-3.969852217426662,0.6082859727698722,1.3422885424165485,-1.6230277343818975,0.3169942157081124,1.6772900381480231,1
-5.235553792217614,-1.8139496854458501,-4.4435812884883505,-1.922112779297417,-1.2751482840766086,2.0538520553738495,-1.3132240274860352,0.21634844110989762,1.5432268191549126,1
1.7881669274782774,-2.9839785877027882,2.7166947303710134,0.4144120558791946,2.0222094237356525,-0.9820525240831797,-1.589861847549424,0.24093155533643826,2.208234222659075,0
0.7442197275052884,-2.1232474875199583,0.3948649520383869,0.9908389802216544,3.5143913145827232,-5.49271854617163,0.4503712331035059,0.2313028502568061,0.8046318497268726,0
0.923061269599835,-2.1624694640532347,2.28721106071259,1.9299013822197515,1.91468317265239,-2.3425989955506648,-1.6231585455500248,0.14569234387139093,3.431051392917382,0
-4.4408801082592895,-1.504074488743669,-3.380953745123989,-1.5967171709639862,-1.8421207348907964,2.2959112547834364,1.0171293321408643,0.2881557546953736,5.558859335073802,1
1.2830193486195203,-3.8174654570193898,2.170063474675213,-0.11330898305140513,2.3497717674675958,-5.618724518063463,-1.9179563227184353,0.3161669790412176,0.12391448085555237,0
0.5094266536172327,-3.5424064536678843,-1.3733944983764177,-2.077135924827143,-1.9237662617198465,1.363252399635532,-1.0024968480164316,0.3058204403043435,1.894082998229385,1
1.7468396926596732,-0.9967876533926483,3.5420765273980654,3.4869917684580134,0.15010388124717955,1.1140288374377842,1.5626667035676287,0.17907672524396392,0.692791759226769,0
1.5355222900864833,-3.480088508123232,2.2612567023804173,1.3118563407171404,1.7149861364527048,-5.047739861385184,0.8741252724889841,0.20611416739718258,0.4903146498572254,0
0.09395493465343097,-1.89952074900821,2.6966013813734904,3.159828678879207,0.6152215429686618,-3.7551771979837776,-1.7081266682972491,0.04237739064612579,0.9495174506526335,0
-1.969808707808148,-1.1867084470288078,2.279387245917213,2.819607682449832,1.3963732935857118,-4.813468237817509,1.284504417940719,0.13737262698351882,0.05759262755096875,0
3.1133227423693475,0.19744973441367764,1.1397650669105537,1.6573803969520096,3.6736260123060376,-5.258332896490854,-0.02785951383918084,0.073293223457093,0.706153636519262,0
-5.893124208841543,-4.216251416213794,-3.501870991643294,0.8027207050156022,-3.398722369620136,4.154289100527663,1.387132108675317,0.4095096724865307,2.0470949398518576,1
-0.09240952567224525,-2.366961846022056,3.041104721379294,1.7166242754212084,0.9209051265277004,1.4168527035579799,0.4029590978015736,0.16371536778163837,0.24011362715189852,0
-1.4736104204196934,-1.9580590415478953,-2.8399938334757584,0.29705400985184616,-3.7971091534360912,-0.23695889190362074,0.7273321281314349,0.2867243602555089,0.5558053726437925,1
2.734119943336743,-1.5202270426364048,2.223035176363186,2.924112462414051,1.608040120003533,-1.187497180876292,1.9740062415828326,0.2504815421468936,2.8047960582937415,0
2.0328442148441797,-2.7792338022287026,0.9714148411414838,2.2379315650368024,1.8592606826147948,-2.0767114811875986,-1.0706578163039273,0.22634544101240253,0.5596025041836223,0
-1.713536131169326,-2.4180833300110023,1.7696976072075132,1.8452150493746395,3.191189180937398,-0.8674408876744317,0.4957822990455534,0.09787676083985698,0.4437397753425797,0
-0.4467672139819383,3.057355721135014,6.869339434571174,3.3957701342039783,0.38588056997812914,-0.12460840927470729,-0.15871443977040656,0.1932734616160555,0.5807772549364758,0
-0.5513231740480995,-2.556403531362807,0.150115323008166,-4.119858811563217,0.09753797779633278,3.169702731384737,-1.8421921883092343,0.4774340144308879,0.732829754711116,1
-1.8745130267212238,-1.9418354023279367,4.7185850159782134,1.5749022462829818,0.377690645892127,0.2876566249686823,-1.9421174339885399,0.40220432676005763,0.9996488197079514,0
2.8391811424441813,-2.588079782765298,1.5253134725256963,1.5116229421560978,1.986231640962321,-1.364344514297277,-1.5230856887285653,0.526643700658367,1.6129079305729719,0
0.8616393033285992,-2.1397355183323716,0.19968475399140084,2.7954563738652727,2.667147847232201,-0.9056240238330902,0.5963669621541925,0.5618571836782187,0.601666516297877,0
-4.666624203941199,-0.7314494898639217,-2.1297651071400376,-0.39740387964181845,-4.0644214031735535,1.9734292218468357,0.2686523516535688,0.23883779607401057,1.7009006461562008,1
1.342570311746555,-3.6008522067461586,1.6302907426276916,1.7067888550699586,1.8448333810925197,-1.3269506685093586,0.21371824465490974,0.3888028999152428,0.7629703852897524,0
-2.0179250561443083,-1.5181210011420676,-1.7697195286773608,-2.8924258816261297,-1.477020334555354,2.145305771546452,-1.8725729498869597,0.19678683124568414,0.4132158330765317,1
2.633668587077731,-1.332290962842371,3.1832913496463098,1.0550549246354675,2.4643445296262656,-1.3607495955643238,-0.12278801455997179,0.2682875891614247,1.0728007748259023,0
1.9699134486820296,-2.9835456834517498,0.765346351868776,1.596906956448357,3.129111077242923,-2.827149733977949,1.6984912713701141,0.28175607964871835,1.264863780494741,0
-2.5289231720671292,-2.320305693954341,-2.597449453456679,-1.2244862240251426,-2.983558348876678,2.145001018227472,-0.4096325227574136,0.3896707918039192,0.8165562076353219,1
2.85439486847585,-2.4645978263955866,0.6831983355273881,2.580856354808118,2.5926352446903427,-1.955977618744703,0.49968987915382534,0.464239270392065,0.058280779717249674,0
2.3253000755842135,-3.6132839719192473,0.34592383441911223,0.11902194593329951,3.3671152543518557,-3.081544833046013,1.1192747024925742,0.24624341943088582,0.18618847388310825,0
-0.6950576040282028,-1.3176096982194743,0.541401651475764,-0.04929345852379363,-4.740720485711925,1.9207672598179297,1.1357011165675504,0.28390099184545364,0.3358892158571723,1
2.9750273271745753,-1.554858831576582,2.9274149436307235,1.7681752367990262,1.5258580403057622,-1.2486638701854864,0.07712032958108539,0.2322842010078658,0.33215740723282144,0
2.4218476520482524,-1.4513877669395696,2.125762921471358,1.7928314994186378,2.2678488432873727,-4.392986132421381,1.4318077816093453,0.2789698335886024,1.1190827876963958,0
-2.435595413766685,-1.6675967969004972,-2.322611602380282,-2.438562414157574,-1.2855899211301585,2.241766838802384,-0.43448762654501216,0.2626657390278319,0.01851908629458361,1
-2.3014268325295895,-1.1239653677305694,3.3655029281330817,2.727993574850001,2.8515116152695312,-1.7804391352064655,1.5547728591391934,0.3549203203128289,1.40928371098915,0
-5.500730387864659,-1.6073310152203863,-5.600011616415379,-2.5350247897844334,-0.6785985189193542,2.2228207651318352,-1.0390913344178188,0.13580358804154044,0.308350840476998,1
3.140115990459081,-1.922131019821147,2.5946135526532172,2.102200139322697,1.2120469892817143,0.22531987735396797,-0.8791343720377158,0.1626143298030193,0.3710953430748149,0
0.191074618654147,-5.650184947078575,-0.041584585554174325,-0.09802822290144952,3.934531486544855,-3.3120845094217177,-1.7875175032039956,0.43623663725440737,0.7505852691511887,0
2.9089591289566723,-2.154471113275783,0.7123007400087624,1.3699360046971099,3.4910043168235987,-2.9470576482732604,1.1823273461691315,0.3288580333651671,0.24325136637260827,0
1.0245142372621001,-0.6809510393569584,1.8253216366902139,2.4933066444677987,2.19272604196181,-1.231857870860975,-0.3317790550691777,0.19363262766618522,2.1582364125468936,0
1.814453711096388,-1.9624517151764285,2.2895508430212423,1.851125710923632,1.8548880805967078,-0.24521493406852013,-1.0835335443544039,0.5840364554906169,0.08923433246343666,0
1.0320998815444287,-6.47999240033921,-2.2646838525238295,-3.370147603135121,0.6173099920648095,3.1077633440136276,-1.0728388895336813,0.035345614946842505,0.5876749232873626,1
0.4292702855693973,-2.276756341221049,3.343324038134599,2.1325187107120844,0.6180091988233154,-1.2853493507881486,1.6055997649169327,0.25681603541862563,1.893275846096833,0
-1.8033631215311243,-4.384755615757264,-1.3184649075733221,0.07175770835035511,-3.0908781221040647,3.2906115839350987,1.3356664018441475,0.242844044324238,0.9567062840585894,1
-4.497267671005989,-1.6356393511748344,-3.046583299423177,-0.4778637849096006,-4.5142123205386735,2.560758634078366,0.21412354142873324,0.45060167594505257,0.34577671148575195,1
-0.43923512567761724,-4.789253700891062,0.707887883413991,1.8938158576114243,2.786962900036836,-1.3464519668997874,0.46444320166288433,0.20120255300939469,0.5460387382271042,0
4.763750364260176,-3.5867892179853182,0.3066091266452813,2.7944203885942107,1.295386943195397,-5.797448445719201,-0.10269771779883596,0.24203678964164194,1.2265401430817544,0
1.3828623443603072,-2.058365958271454,2.9167804875090715,0.6819912945106454,2.5904490124117143,-3.3773543122482046,-0.43333382848476454,0.27770672452244666,3.621622507391817,0
-1.4989900475990634,-1.6644311642953924,-1.6653961866356914,-2.3316267845510406,-1.4869627574170385,1.8729059621087851,1.661907524873326,0.11459227463231245,2.2362237190697583,1
0.15242008007056995,-2.427428748641147,-1.6852635972506518,-1.3475990145894987,-2.246640941371114,0.4010585526561323,-1.4975491859187917,0.2958076505489145,0.41920832757719095,1
0.7905577935608146,-1.0266726222933131,2.5460583227632236,2.1724115892238616,2.2780942061076415,0.5926162705318729,-0.3262128411350882,0.2714119953989378,6.318791134169171,0
-0.4286392704463289,-2.4435306162779216,3.0932535325315564,2.6160102424385894,0.869246991587932,-0.7060982111596885,-0.6217523680484986,0.4816905964950782,0.0035108192509843415,0
-2.951402746952278,-3.816273254208637,-1.4197802364936165,1.609693146251181,-4.805392642188405,2.519850186990595,-0.007397118995406515,0.6850453067539968,0.02801863738724186,1
3.315591223187051,-5.609138694427102,0.5818590661788028,-0.41555191489875254,3.38883940619153,-4.140874907095214,-0.16947250181929974,0.4770412591877109,1.736365530462508,0
-2.691729135353124,-3.1485284945182697,-1.113822942090035,-0.6102321350756099,-3.44652298370053,3.3932563179236395,0.0755581266043257,0.22619995820099928,0.22247213530570714,1
-2.373259011163221,-1.8850132534385775,-2.8268224894521863,-2.1104776094641267,-1.6326676751237663,1.915620593034159,-1.4403240910920236,0.10815875338211413,0.06269410940044193,1
0.9251039998991069,-2.6565399225245097,1.0002112668302046,2.243754141493046,1.9341172334621313,-0.19714004168003374,0.05256600605310835,0.16265556792838198,0.2706913336825254,0
1.9879317675185795,-1.4373196373729287,1.9915366581647092,2.626269588174665,1.6606142908247046,-1.6615315767805188,-1.0303247444511565,0.17644892541605123,0.5553003821739377,0
3.0788943105119606,-3.1504065853956496,1.5312485576886083,1.577702564255456,2.406436239975026,-2.133824125519994,-1.262674604047235,0.10490339272132464,1.3114328202944496,0
5.3163571910542196,-5.0440958975777335,-1.5450781046322737,0.457579072953471,4.134333971825312,-5.335879342998513,-1.740663124855235,0.4529803309720262,0.9790588918294796,0
2.085117876727395,-1.6474240203631938,3.2355441618958727,1.958281164357126,1.422727570176297,-0.24654398874253802,1.0506102350245636,0.3951666074119449,0.27131175698798393,0
3.1556987135236465,-4.410262550047705,1.0166191434357432,0.09211651194467141,2.5036363071927616,-4.338113937307044,-0.29023231657376014,0.25029583424751206,0.6997095621631074,0
-0.7731311261751328,-2.766579844589715,4.925317326963694,2.1989287643807147,-0.5096590127239709,-0.8848182253364858,0.5065747332470334,0.2363619490218344,2.6065876957052954,0
2.0606349457426054,0.39793254829152414,3.683471813543955,1.885710431264597,1.071859547998594,-2.7688503225124235,0.9103733732189734,0.36097805658461996,1.6874414925374648,0
2.6455353533138886,-4.399730732743682,1.4647139930257826,1.9256852249443366,1.2775122497876217,1.2168521775471413,0.717266661254214,0.30034159006034905,0.39036437747038816,0
4.995419508843501,-0.38116113761978965,-0.7825092043042718,1.0509329516312624,4.966515404100625,-5.548628993872894,-0.1179971236412709,0.21399250572873518,4.032190457805932,0
-0.051085848132048195,-2.07769596052631,2.369326146043802,2.377464480915586,2.514605801693973,-0.9655726823213862,-0.4484058841930807,0.21886764771212514,1.2331283960283927,0
1.9226343562856258,-4.708517763430143,-1.1095250496336293,1.3370530212712137,4.060994405099684,-5.925909299248348,-0.4961603614373451,0.4426153927073689,0.064484501974533,0
0.08146909981201889,-2.550986687000786,2.8698573971331216,1.3094236154382228,1.155176979926025,-2.9744268141522907,0.5601951877202254,0.15350102995655035,0.03579373378087395,0
2.282541707179494,-3.3954043994878513,-1.10270429386965,0.9333382963859773,4.569524292049818,-5.366161260644327,-0.020822580232506382,0.4433654211521142,0.18441328173808355,0
-3.6349105723726316,-1.034936459581691,-1.9293132924039311,-3.4948891297084916,-0.371997072648677,3.5156901933504807,1.3965289919540425,0.3253350724500852,1.3014234561574511,1
1.2393224114687786,-2.5704483953366903,-0.9892872323360029,1.2347088053780988,4.666821429558524,-3.482882005775166,1.4988079373068484,0.56565594075909,0.20302103136858587,0
2.0238063057726086,-3.601697038287045,3.177443716365574,3.5500021140068405,-0.37750404910668767,0.12816950975635244,-1.3177584879739261,0.2202397286675619,0.7163887233396377,0
5.027726375008691,-4.661994653948769,-0.0074282191297663225,1.1114955457244085,2.4198577754754216,-1.727695780370745,-1.4550653938170974,0.1044566260728614,0.09789966181974016,0
-1.0826660128541437,-1.4918731538684709,1.885791840860065,3.628550844657522,1.1969245345274162,-1.0507067872862672,0.521603704143998,0.31498128454200114,2.536867423692913,0
4.491744239568646,-3.9606913469336664,0.7315639520812571,2.881162875809026,0.7154865514920166,1.419767052489183,-0.7950970077508823,0.1355731263412047,0.4215344515714409,0
-1.6732905256401218,0.5344274568484719,5.1926134361579335,3.4952985101736145,0.5030935415334428,0.47200444234640404,-1.9257171249396046,0.13055575101121267,2.3874031305009797,0
2.5660351739610876,-4.025063534029415,1.8075005006700002,1.8856536055817836,1.0373056082755356,-2.071229429305226,1.5545706774518204,0.5447537220816466,2.8981635899186506,0
-1.8536443976558075,-0.8457262000343151,3.6309078305956213,3.5681974649182235,0.48655571873957015,-0.021712526251286057,-1.092396931024767,0.458297034584871,0.0061475045583748045,0
2.9204323573390525,-0.3219145762664568,2.39100796422192,1.7945880574261677,2.1781986318291824,-4.631740228103734,1.7171226067432364,0.2513733219633596,0.6238733646458753,0
1.0654738964005763,-3.8291013410608308,1.0879752177201278,2.5730758998690133,1.7509638586940817,-1.116050765319693,0.8697378035130146,0.28966514880992145,0.0249651068131154,0
0.739959574220006,-2.105527568168184,1.6662485738528319,1.909033468099971,1.9320412149349475,-1.3565161891727033,1.0506139596459372,0.2792099640260489,2.3935252645406178,0
4.8823973359747965,-3.428639061498551,-0.8968889246084504,3.2160920010172216,2.61277809061846,-2.3662664934512323,-1.1941540168273583,0.3627972552869115,0.7306570510873478,0
0.9105089602233263,-1.0102390944707378,0.8380860872511058,1.805201429154147,3.999749151521237,-4.4332704928894415,-1.0632222975327483,0.21561593307625704,0.07790101648894959,0
-0.0915662816953624,-2.2504260312287565,-1.1890610256907577,-2.0431782631864626,-2.183830239250295,2.3290394774768335,0.08507101529626304,0.013998007373799335,0.11684479525273572,1
-0.41236063465286854,-1.6311721151077072,2.839115520581297,2.144089953784163,1.847642924566733,-2.003868395295506,-1.3116005894005514,0.08292415012706633,0.4837115947537172,0
1.1680994554611708,-2.5498571245860697,2.225532679952256,2.078991337013209,1.6214501747452394,-3.3289935571033746,-0.7782732292678709,0.17481305800830646,2.817321568730241,0
2.8643537805565726,0.31221692228875364,2.8520902156386563,3.182725966359179,1.5359210699573445,0.6103234710765815,-0.7141500882087821,0.2143874083053291,1.180611651940576,0
2.819253798330628,-2.5610216052150716,-0.11195293070969736,-0.10612689583764467,3.7875786329387022,-6.745476508921074,-1.3614802669889436,0.3829665781040867,2.0220701395080685,0
0.43875494107071367,0.2152083166684542,3.6719535272884736,3.1570180971773647,0.6196802301034199,0.3331375519868436,-1.179268666419357,0.48251884664016637,0.45642684642436687,0
1.5299521533916496,-3.094829510523716,1.0985756016888035,3.846531101889023,1.6017373682172773,-4.459370313918769,1.1542073680330263,0.1721247551674376,0.04417521397982804,0
3.5199329105460437,-2.1922694878880105,2.979402432054616,1.5769543644694202,1.1337459310557991,-2.3511464231708894,-1.3312165818109265,0.2689146079713267,3.6619507952190555,0
1.089310192921355,-2.350454170130348,2.6577622169458825,0.814348688602736,1.9887445183304266,-0.9530305776808472,-1.88617043262431,0.37933700786961716,0.017322156684216015,0
-1.463766736695367,-0.04545618349412295,4.623802023925718,2.539119234900845,0.96905697339619,-0.004561307693385919,0.5174197705157537,0.17192241932574226,2.9498349196443807,0
3.084681598315948,-0.14538184126549303,3.9295627724623508,2.8236740309996997,-0.02687489013341038,-2.9051251470834774,1.9039324775697999,0.4637907771848696,0.45993833288118835,0
2.766749506166466,-3.741111675203313,-1.2364990163189802,0.985682078927872,4.524131906505689,-1.8876155580339917,-0.6751447415075145,0.07672885439365665,0.010141658227183206,0
2.4635418993324785,-1.7994861315142145,2.316410800117862,1.6146023248134358,1.7768116534715097,-0.9180263828841515,-1.5253771872149908,0.24571857035331027,1.1684680628916264,0
-0.3947514884162229,-3.079611852437095,-1.579890530855514,-0.41274466262999887,-3.4183147506961333,0.8775513689879952,0.28154930147012314,0.24469616010566342,3.9394098257458197,1
-5.352076873793838,-1.700046492300873,-1.7634109964291032,-0.6637523753142649,-3.1377936855121975,5.324523052786578,1.6254168443825847,0.3727294203642797,3.3704467512191845,1
1.9978938179005388,-4.322756366833323,-0.49325687957213926,0.8050474527917688,3.8728028498827776,-1.383578613626355,1.1362471193139152,0.11165826697996167,0.17546949929297,0
2.7788196254318125,-4.461180756581126,-0.22169174622705157,0.12379892547608717,3.165533970680805,-4.301321727115544,0.490063473650864,0.4657699051750481,0.19997381242240903,0
4.437918427800504,-0.013593289881747905,1.8885500022846056,2.137721766039015,1.9009889903289838,0.6646781842584204,-0.7397740135696025,0.40286889135392423,0.833648900128006,0
-0.23119869080480848,0.6157668560680043,5.619869953825489,4.004203216001406,-0.8288563036097498,-1.5203055391813047,0.16752069310487983,0.2511483030636773,1.0141925397250897,1
-1.7341127921674104,-2.450387497601022,-2.1812466954985323,-0.9170423748385212,-2.5221434507461096,1.3581181310292503,-1.6350206347829785,0.21785846334980966,1.344837356738005,1
0.5482026467947334,1.1255836974291977,1.4206564496618177,1.4704411506293897,4.972351909678211,-3.071876878303046,0.7157816971226798,0.36202118927167676,0.19973268721764967,0
0.8837585180068026,-4.511749486973258,0.001701080401420807,2.4498356060218978,2.1171867341595285,-2.200347102684408,0.9003840755906034,0.4091058526954105,3.1943560751307873,0
3.3077487222668656,-3.612429478273203,0.8734703404383284,1.5078748940677198,2.496637820069489,-2.6589147149065546,1.8601264916396754,0.4301266324631075,1.0181552996219192,0
2.4957267738322924,-0.6235360309963702,4.094643859082101,1.2214959918105357,0.9448705557324535,-2.4257405537867296,-0.9584105650197134,0.17045847687962806,1.877624063903947,0
3.072022332866416,-1.983680639403881,1.4756677198253825,2.1511096051994536,3.1747188087249407,-2.161955782510065,-1.9261743238279094,0.14861809154528466,0.776671659017777,0
4.31702859953987,-3.6465613792880402,0.442164918815275,1.4987382267091807,2.5807930276307047,-3.8131501645686865,0.18243385770860243,0.14771472152976958,0.5349080371984575,0
1.1032899653670123,-1.551388210921734,3.045310863143963,1.7425905023210408,1.420566390940381,-2.297429261455755,0.8271620175872578,0.4456815551059094,3.7802453131686686,0
6.369951219219776,-3.054283232656832,0.2268982218899791,2.054134866245844,2.424742334977969,0.8464454213323829,1.161629903531952,0.25098821527313986,0.8725642494332484,0
0.5493178998316104,-2.2926602117288635,-1.0813640475235113,-2.419202939950136,-1.58201144425221,0.651264240323747,-1.2250442679007576,0.12367697005988552,2.0164560969351415,1
3.9384266454080366,-3.448441168802999,1.166978230433187,0.6859177264792302,1.943778602426561,0.2776615598416816,-0.9529885238519054,0.38382887729202736,3.0638483088518176,0
3.562567723896906,-2.715299215815615,1.4688963111570432,2.3587874425866633,2.044485596609054,-1.7992029638212637,0.05036370106918531,0.39727100324553744,1.125021852427556,0
-1.9101957709460198,-1.0239781012583302,-0.7721298729134187,-3.0470468675435782,-2.1572780684628543,1.912471073912456,-0.6775967601199926,0.21891389079204032,0.7961519809144272,1
3.6325813447605237,-5.371727378264438,-2.6316432077353467,-0.7305146810794736,5.182254471342581,-3.6885632141559515,1.4420459463497801,0.09487596715277204,0.0035170284108018953,0
-0.0378828076014619,-0.08014501815271124,4.364093699283593,2.0668505137171893,1.6296229501113049,-0.6047862225474219,-0.10495938504511892,0.7369290084627342,0.04084245383267667,0
0.6945666068387688,-1.2645305964274798,2.3802375887067564,1.451056738635347,2.3618929264204858,-1.4952948868185096,1.1983145764080119,0.23589884754543217,0.22420813784931348,0
1.224966468116016,-2.408481822577517,1.2067355900419536,0.1806886613220906,4.030214672465018,-3.2117226375707277,0.322479041929415,0.3585391370756685,0.20580527157869558,0
3.5318967152107836,-5.3099934156352475,-1.1199903256216417,1.0699581888689762,3.8618341287414424,-2.4280648755904983,1.092360566468448,0.22583343197898553,0.29404734817067857,0
-0.8605521814473862,-0.798654577893158,3.282708860995748,2.6469849990065866,1.2545322925513966,-4.171098207089129,-0.6693080538787046,0.15226984612263797,0.36374939136125184,0
1.4178011257968821,-2.2497598135857015,2.303521535419885,0.5671692940217827,3.51027547214796,-1.6093693952730561,1.3256664877212447,0.3284605320005925,0.44638944153787996,0
-1.967725619792442,-1.7772177858180136,-1.2350624133339352,-0.018904033741019344,-4.337663049338154,1.4189675084332807,-0.9017107377959137,0.11947758587093814,0.5456546572628843,1
1.866828824688235,-3.7587213198326976,0.4517229143845063,2.3109034112348126,2.3949244560915526,-1.6514765722108857,0.1843952320131632,0.3726880031657027,0.10410168438073071,0
6.279055968463778,-1.9196792170505335,-1.5466944895765509,1.6376442165945244,4.514155959516728,-4.152414860055359,-1.1439715473045031,0.5856838473440281,0.0432853719286754,0
-2.2006620003234496,-0.3847715965213381,-1.2515854529364308,-2.0715394823245563,-2.6271944627639687,2.684117279927407,-0.09789391349522658,0.20306593133913795,1.1206875105156433,1
1.1085408247823678,-0.7764958741693302,3.065831045685369,2.975131191579376,0.9531527420794348,-3.070233096490952,-0.7272991619651874,0.18730793072300556,0.7707516503129245,0
-2.8798640451465407,-1.2942771656462322,-3.9286127790752037,-3.6179303687895437,0.06533761229064661,1.1686192971542706,-0.933186277451143,0.1336147543659826,0.5872463748812775,1
-0.7364563628511567,0.017979531741319388,4.64920794593135,3.2170842156163495,0.45666315966499793,1.3781185309797372,1.86794007211215,0.1931248424929694,1.006324693642468,0
5.290444654630679,-0.9025402102119742,1.7300752696206734,3.3847164476289535,1.1378104306874337,-0.833543069058756,-1.3597035780530775,0.21987205885070596,1.758398625489101,0
-3.049967327159053,-3.0801113668860274,-2.8275832158469276,-1.7207426474078649,-1.1263802893214838,1.5183932341308395,1.149303349829581,0.45939990989543045,0.5580795594921771,1
3.99804720439145,-1.1383679848971666,1.0102333151781564,1.247757801909453,2.6891977716077897,-1.7774067607700583,1.9366598379328597,0.3320312301706407,1.0247657176071907,0
0.8165889089208822,-4.20837383596131,0.5126723911681987,3.001292070226219,1.8814267143113788,1.5885444541523421,-1.9203940650396887,0.4353973697178231,3.069857374611676,0
-3.267598550921311,-1.9008421033931395,-2.32681486260441,-3.511395915021086,-1.3189368599082378,3.5744690631336047,0.79610965616838,0.19605250252876155,1.8302373125536047,1
6.038599423254954,-2.492841960624535,1.5376500787124774,1.09286458536765,1.8713251391891734,1.509611831017013,-0.9883527777748515,0.3139811553207685,0.5551272946886712,0
4.074866480159662,-1.6013961393575507,2.1054417330210953,2.3837226422286957,2.1351702573910307,-1.9673867129840936,-1.8380487026867822,0.2987229163684188,1.034840167493943,0
-1.6567697574802884,-0.45183946130888697,-3.173975487170483,-4.506555151832883,-0.218241764773083,0.1694430467047181,-0.3884416841734768,0.038365250487443985,0.19488525688581898,1
-3.7319807795748865,-2.5770911667849115,-3.804325157266086,-2.5165501845323783,-0.7997682388580059,2.9451485198801386,1.7408712406835,0.04394597146740671,0.8221680407079374,1
-3.3677520505544813,0.06044859964237004,-0.3799999983975906,-1.0254708739666634,-3.7143540609363255,3.5275815007780187,-1.9529396225320093,0.04959484484746865,3.980745795806861,1
1.8729156401297316,-0.9349834860349822,3.124869897421093,1.3926862707120526,1.896305973563828,-3.136482829825945,0.35154276771912674,0.2395636514821449,0.7304651447100396,0
2.4535181796124603,0.5234025327726455,2.577225729917679,1.3023187354880905,2.414850973928403,-5.030366339288133,0.005585914381297297,0.40624597853522315,2.626078113896386,0
-2.7767015530265104,-1.2543302595732329,-2.7550169357348375,-4.020837559033256,0.07758078075314057,2.664686743431295,1.49353665748419,0.1450204160911776,0.5231258295944834,1
-0.2710899774390769,-1.4461323365019434,-2.203826143935973,-2.4587833063553513,-1.7347580178204012,0.344003143421844,-1.6639931419174974,0.09108176175620504,6.763505322504949,1
1.2550599899791355,-2.4057321439714805,1.553344107839321,2.63712125773861,1.2758248322904273,-0.9858501023422745,0.7261041195466014,0.17726857938609017,0.8656452309249248,0
2.503110436259763,-4.31320865688345,-0.43844747103983517,0.21300420761166028,3.9784806195096873,-3.2526771819190277,0.7204387937331092,0.2568282802399632,0.04318832774205763,0
-3.6125102983935533,-2.634872652818768,-5.023333202202792,-3.1023100670869574,-0.15393401474498547,1.6761180368942652,0.676320067449133,0.13523063677427852,0.8837141495870566,1
2.0491863249205045,-2.7170598490707905,0.5580518356331852,3.778313323355083,1.1958909853700836,-1.377079234543165,1.7693379797401478,0.10432270541008071,0.3209944124772226,0
1.2284344641767255,-3.2553734170688267,-0.2891197612096599,-1.715444882410706,-2.0671282328633573,1.2922212812873854,1.2923501160275217,0.09870751983713322,0.0330205488752907,1
0.34364235210471916,-1.4225294345576476,2.064871176963063,4.465932472060029,0.8999732100759517,-1.905811918880651,-1.832109095025976,0.6799009194853185,1.7195502819246924,0
-1.8933345069342655,0.10989747681248385,3.5916688791184628,4.050169973672869,0.4040288354958812,-5.129264878070886,-0.11566859718194733,0.08161594989342616,0.3225905267193034,0
5.409166726664266,-3.0656961798986737,-0.07814283417932355,2.967228673380877,2.3336399886876897,-1.823792373126827,-0.4081877751946661,0.34615131813062555,1.592327897390849,0
5.923203313419936,-6.489325969744096,-1.933214016580847,1.7388991055289933,2.7165099678119073,-2.837398987727698,-0.7594111156367918,0.6697424146261156,0.33998300831267375,0
-5.656530980591226,-2.093021840371808,-3.1914944617393757,0.8902851430186578,-4.050003621786464,3.2300290870331327,-0.19465309938361086,0.44707169192000473,0.21607652402248426,1
-7.414534764901043,0.09711401749217385,-4.24128247747969,-2.0425432368474756,-1.4814034721099678,2.8680562085773107,-0.4632232602960902,0.10403215299508577,3.647183886879471,1
0.577952730670642,-2.772802809195483,0.11280183681683909,-1.082885470108644,-4.116937186109034,1.786432426290805,-0.2706644004853387,0.5785044003585726,0.4488612374898324,1
2.314103213840485,-2.7782230143130673,0.3624610228496783,0.8681465373920167,3.3072095782394233,-5.6563587062610825,1.91704746243457,0.08545257184960373,0.9197371927111848,0
-4.224998412167884,-2.434421243175344,-2.274592678212598,0.5779339047287833,-4.618793112399663,2.9698338604118293,-1.645468101001677,0.17413207358582633,0.9415610866624978,1
-1.7774183566297548,-1.1658214197339478,-1.235447519390743,-1.0392900886061196,-2.7746595823113243,1.2755485164285836,1.6889234793549193,0.21998948044018513,0.8220572273255381,1
-2.6371909647786103,-1.6601657769277194,-2.753930658597865,-2.207024514199978,-1.8198612621932722,2.2750700125320025,-0.0790531461158932,0.11156342175734124,2.461530925626479,1
-0.5897895908321373,-2.7532741210502465,-1.5246879377095692,-1.9038818949985483,-2.249680407280413,2.0299183797870466,0.49496898199816464,0.2908978920024542,1.122211793371777,1
3.1117546488187324,-3.860745500945242,1.0966083299637226,2.2345000740979595,1.8830443552269611,3.1301260701812303,1.3207318664707755,0.14760008415528367,0.5170667325400163,0
-1.405118371669797,-2.66686402864172,-0.1783142089585703,-0.02553009458543043,-4.865956209497149,2.6805424339800794,-0.5581478834029778,0.6671424378375695,1.9832618093133927,1
3.439563576637295,-3.039357647471239,1.5535008909287717,2.3205686891192734,1.187686420580485,-3.099261839131846,-0.2783123676481325,0.20806178701546574,0.19974799797572318,0
0.2042577232016367,-5.475361433294191,-1.8787433039388177,1.297398252843463,4.93405935139741,-6.443857400878255,-0.36192607888514416,0.4029740466041585,0.7857818095874917,0
6.594754305413934,-1.781263971952963,3.1694595281052083,2.2066167132553756,0.7993718822935414,-1.375841764082284,-0.5010759098569606,0.5778790868050008,3.006800742554572,0
-3.19260352854518,-1.8633063769061777,-1.744474890776702,-1.610234613098679,-1.7238078680988687,2.9752281775943303,1.7021172865875798,0.35096255154551526,0.9818901619243929,1
-3.8041776707051103,-1.3833677140638039,-1.0288785252531967,-1.0284383498772147,-3.92389204583273,3.596698672492586,1.3157195647720483,0.6586435730821777,1.6980967392235617,1
3.5948031991938607,-2.1712132718887815,3.827730449830505,0.7566289021743888,0.4434935600667267,-1.2945316779296916,-1.5640000405480956,0.43716360543801425,1.0600477298096538,0
2.893788804587989,-2.8405021966850876,1.3613846361387845,1.4188316420265965,1.8373119881723434,-3.57215687480933,-1.5675065900916159,0.31919781071933445,1.8286570713709478,0
0.3939515881586466,0.03397058619019333,-0.11844671724981426,2.622255423126907,3.7605271218503042,-4.119576990854135,-0.28852194058803526,0.23057635509190597,2.891153900904663,0
-1.037258422541579,-2.150081244273958,3.8013010073533486,1.2755319578767526,1.575095587090398,-1.0638768580125895,-1.6053704930687638,0.06951425179168572,0.31872114222721143,0
-4.523502731857691,-1.5887375891646012,-4.209138581638454,-1.41957710614798,-1.3670906597511592,1.5519616310996773,0.47637238108447866,0.24443671583210766,0.18592132570260403,1
3.620676193257864,-1.3785898252955033,1.2260711703007843,2.8153657435084836,2.1335588827933876,-1.8787588154551678,-1.4252335709530644,0.1312572492200931,0.661630587949106,0
-2.1793270724781633,-1.7043097194936403,-3.761186720711325,-3.2859439544876277,-0.2930448434912294,0.7080227092606901,0.08949305586720424,0.4977813250694695,1.210200244054299,1
1.7984958174803374,-2.360294542702803,1.3514115779205569,2.7922905652103065,2.0022497548738594,-1.6173018450356462,-1.971120211985129,0.13081048179853794,0.25772367780188715,0
1.1424911588006514,-5.178084794498419,-0.3963126493055804,1.0006303783864299,3.637868844007949,-4.936936406662639,-0.7336146063494131,0.2829613097393499,0.00410988444701662,0
1.3324474211819832,-2.3439525102136063,3.4741046168285803,1.3030751684319029,0.38445972238654735,-0.38377884025683606,0.7087628946906217,0.3932571638092032,0.41997250713438694,0
3.4039540794118057,-2.8725183287715823,2.915911658015254,0.29964135812079395,1.0281526061423496,-3.85270970788435,-0.06384423908860626,0.11815215636905586,3.469240772655892,0
-1.268574995012047,-2.4605986183440764,-2.912801314767092,-0.12884134017067206,-3.517185225214405,-0.5523107390731283,1.9130779439959524,0.2921781890667169,1.1873368215271218,1
7.514193214419188,-0.8356768804936969,-0.7325806711011773,2.44168279693583,3.6530983195025435,-5.960878223023661,1.4964151842648432,0.18360197567584968,0.5130371406030368,0
3.177648595253862,0.2723060588956443,4.108402814000382,2.670025655918091,1.5834205040028966,-3.305716978233276,-0.5637168838273952,0.3610695224778302,0.21390646652644513,0
3.445571076713469,-3.7956718831879597,-0.40059938045289467,0.25812656297339487,3.9558429440795404,-2.3858865704323007,-1.8180538341109016,0.08731620315320478,0.4401958075340503,0
0.9478258805535993,-0.32459167134062317,-0.3755065667960782,-5.9447470718469875,0.5912437086627462,1.6281003276913018,1.3825052004600753,0.6575726211950536,0.18613614304735918,1
1.6467950602441408,-2.330275165705294,1.4854702386812446,3.479963618440497,1.3947355175671086,-3.1042372782028895,1.6449372412586856,0.3138427261479172,0.11239164433755756,0
3.5552244757254523,-3.1809216382909087,-0.03736020058220024,2.043153613193399,2.264635119956278,-2.383034983956712,1.2825095736761472,0.5908104280722537,2.372389428334688,0
0.6583174824203728,-1.8898990642104705,1.4618692979411456,2.3161326704060827,2.2374120039918397,-2.9870056458428302,-1.4882002363209406,0.44868028652181924,6.053483950756782,0
1.8279474189170337,-3.0233853769476875,2.230907587514809,1.0159211931268155,1.8026738022315756,-3.2091372913365532,1.991660537649151,0.16220128188122723,0.17926356473630256,0
5.58485981984166,-3.224303079916904,0.3216003426051812,1.7005459599745176,2.8324002184308226,-2.9808762431427347,-0.9656631137889047,0.40967806006642943,0.056065250373209696,0
3.6717904381726,-5.248741299294769,-1.0389576878186797,-0.01577993764420027,4.381677495198886,-6.147534417878612,0.8968196512334803,0.5356714249960283,0.400076314491926,0
1.474948289384257,-1.457691902457913,4.167070298451851,0.8104839223304376,1.349687343595278,-4.556155763377642,1.6321395053428862,0.47072090857637255,0.619263426383824,0
0.5617976756825569,-4.121057694235976,-2.209515061674349,-3.981878899821707,0.9445909364734018,2.052851614642283,-1.0572515426771623,0.30762856149862816,0.22918834315651263,1
5.4302712419773975,-4.111504416217592,1.5290682948342935,2.0156849805675146,1.1270384093109378,-1.8459960091023193,1.6330342187082643,0.149780837824845,0.35871260684808487,0
-0.45669286408079257,-1.6058328864799556,-1.9714755278476883,-4.219703404378359,-0.5970171433160705,2.864697913652782,-0.7620736832205321,0.37562352734183435,0.22423256368756314,1
-3.0527013159623984,-0.8102314955126266,-3.4769508855298854,-6.561407325530728,3.042827128631963,3.1198781710389203,1.9056528895362246,0.3585833464759429,1.4883739025425764,1
1.1864977117460533,-3.38600037167863,3.754635024345796,3.2899550583276262,-0.6330434945241037,1.1340141737505807,-0.8749599184781016,0.20367609849078544,1.2468035624478575,0
-2.518419706979934,-3.561326406033868,-1.5927619205613628,0.4078941857719576,-4.68550062221036,3.4537500719759002,1.8137432990313407,0.11120622442096126,1.007725100689681,1
2.3958597053131205,-3.561797664954738,1.1200624905727334,0.25378730948936057,2.886663584299281,-2.6104626506692874,-1.7858213964293004,0.32465284934657035,0.4897458011226431,0
2.400644089730964,-2.18129936364425,2.793934623279573,0.11863836152845786,2.39938245449001,-3.381938599009832,0.8370880466792521,0.1340996784920711,2.3973457782547496,0
1.6860335408659521,-2.5864375249530402,2.4685223558759772,2.1493328519753963,1.190339369092348,-1.7270866228727484,0.1284445353480148,0.20391525678072642,3.4910961005241306,0
-3.266241538069189,-3.9587063063965915,-4.560684657146494,-1.4776341561238553,-0.737028993866268,1.119153802670538,-0.08849169150907743,0.38907027006992223,0.19072393324896253,1
-0.619563129025968,-0.3561272592720828,6.914022370514601,2.861669721665092,-0.5793350221199733,-0.5529263695022055,-1.10602274297664,0.12775702884971768,0.2523311982601961,0
-1.857326176611653,-1.7441438742600424,-0.7093763807462465,-0.33954441962184667,-4.107775391140811,1.880029319131995,0.8223831591059678,0.08364750559922057,0.7457698381601364,1
2.6490298674421315,-4.217829664205842,0.7876208477576081,1.0344380377995437,2.2984452386656193,-2.59639737728495,-1.2367620342147716,0.059532127681471515,0.09568587657999099,0
4.050362971744476,-2.7970340877288433,0.3593883947615437,1.327563200187316,2.2153065812945063,-2.4583076287784333,0.21136718393907294,0.3489400600181042,0.5734963770650324,0
2.9110133419938684,-3.776371366716643,-0.14082682707461958,1.258035326671703,3.1263931683681574,-2.357045011380067,-0.9870185478389968,0.36049301963508157,0.8717746045388666,0
2.458299437912333,-2.82277483759752,0.7330997703378097,0.12186539470417146,3.4966924259534933,-2.7688584228858413,1.8224855191254243,0.2125768961783277,0.7382984728499845,0
-0.5392864977531078,-0.13662243671259722,5.674552906122838,2.729899206066821,0.6704585958235914,-1.9083687446607405,-1.8854752246573887,0.45007798658483256,0.4018345810712279,0
-1.4836425881449133,-1.8337989416317402,5.002393600547022,1.9432960541735333,0.3082137170354813,0.6790382755573727,-1.2010868795550538,0.23181175247270788,0.7818599446201544,0
-1.0256219684790526,1.4811507783544906,5.381521109710901,3.4906477175513664,0.331259718663129,3.2094026861330374,-1.030757574450209,0.23852022766450018,3.1893401845174107,0
-0.03911580619388744,-1.891626819176099,1.3221214173661884,2.8763371366851658,2.7579456503908766,-0.32909899281988175,-0.3437286969287343,0.21416902765381804,0.23069373773768118,0
0.482296648965826,-5.423332054772668,0.4793606064175524,0.3343059815659817,3.5300858705514333,-6.517970942596853,-1.0690790325197859,0.05744330728600944,1.0637221651332567,0
5.526069023659259,-4.692499658568492,0.6120580813034642,1.577373489388277,1.6728743173955993,-0.12005421445866338,-0.03460363892485896,0.17230284044242572,0.0443664919150792,0
2.791409620217798,0.4809842036157157,3.912421632287871,2.831434147637429,1.2749341736619075,-0.7261173663329668,1.489862093034156,0.060337733778578075,0.06872476937392955,0
-1.9011879235683828,-0.8988367004074298,-0.9180576811938597,-3.168085803638958,-1.64470276221519,2.914783050487097,0.8482536856366831,0.18471034513394197,0.8025786919845556,1
4.081804824780274,-2.430567951261878,-0.05516229262008876,2.9321165726682987,2.9314685176863793,-3.6080494813944863,0.3198479221404442,0.40135502498059056,0.1108636080752755,0
-1.802732656829929,-1.0325538244980512,3.801647659671774,1.8139969070775814,2.103124835917547,-3.581996083675505,-1.6439872880692814,0.04583082158777779,0.022600261222518594,0
4.096560775048552,-0.6885535045606739,1.5930320815828725,0.5766744645706161,3.5925990687211895,-0.27514062096141645,0.7759684335571024,0.17527452568441662,0.18815413040758694,0
0.07557395956874413,-2.4925178966338235,3.577536247827071,1.2759853516189121,1.5430644740587964,-1.8620104984310464,-1.3343428627562406,0.17344851181969106,0.8320625746572523,0
1.621683897734565,-0.9626922199444299,2.579414225915283,1.3081914296667918,2.0031035139080133,-1.403087052283196,1.145469543846792,0.3743219998183094,1.215171794643699,0
-0.28695898534048325,-1.0662572696858212,3.5191817781729298,2.5693666010830594,0.6650268479356871,-0.7455943001620022,-0.9997729659593872,0.14163948431206266,0.2262465658647802,0
2.058820290496017,0.7569418830425154,4.174681952889116,2.708594063145445,0.9537282498888959,-0.37012409519575806,-0.3318050867163964,0.4289797413906245,1.1034020529210062,0
0.5560681789507687,-0.00381845876966036,0.2583590767318018,-5.02706630442535,0.6184727134767112,1.6409684320325642,-0.5981191907282883,0.15173806495016856,0.20147542384603503,1
-3.0838157386299576,-0.8815146290753755,-1.4006790640467188,0.22699176723992354,-3.719625103977578,0.5794872307311949,1.4352556586994272,0.4413910346538774,0.9505132660020987,1
1.0737408750998503,-1.5423261306485374,1.131790985282461,-0.27598390236602555,4.323592248695202,-4.650784152161842,-1.4938221651463675,0.4096809169149772,0.5309597618286509,0
2.696868445257678,-1.5996991296138798,-1.3131473606487578,-3.073591481877182,-1.664773673566664,-0.3987947630126363,0.2625795295391544,0.2697681482430486,1.060737218949342,1
1.2809596658248403,-0.05150189780194614,3.3845499642701626,2.92425523350206,1.7809803315436163,-1.972262987473064,-1.431753562227751,0.22509217473233753,5.308923913471835,0
1.1548710134194395,-1.4895633620093676,1.5651263187292683,2.6202548956622063,2.1011079863885715,-1.935130300836826,0.8191833445287466,0.08886684316486183,2.77767306937593,0
-0.8893388768391035,-4.129306678820841,0.9443070639559308,2.611704356934971,2.419092032926931,-1.9702502966738273,1.6203125111779246,0.27237465574426606,0.004290950811969496,0
0.061800549360581325,-1.1010999875579968,3.754783918678949,1.7617189826033495,1.452136724976988,-2.831606553828311,-0.2615693845309863,0.4430814424744217,2.166645789884409,0
0.4487770980339516,-0.7744929122665563,5.365738840587594,0.9031743101786409,0.47170179570634074,-1.384809887323844,-0.0476309589400965,0.10896840036189863,0.06880445549703737,0
-5.55064305287456,-0.5627610738872386,-3.131809892757238,-3.7275700564227296,-0.38512679261788674,3.308068431603954,1.709691345931049,0.4497912920086879,3.058599363720899,1
0.4600006802566061,-2.0356889563722853,2.2303813495061595,2.560277282337109,1.8497896048931297,-3.9173111058363577,0.0839655545974285,0.4899452299718118,0.33104295263260963,0
-3.3075110493950204,-2.3722155158851277,-2.5535418099115663,-0.7836097968567093,-3.3860234826391653,1.674304036946038,-0.049606247801756265,0.14102586362854994,0.48132318300151244,1
3.922347584084429,-2.3116334491825743,-1.3145643568626872,1.7813034870776303,4.401310471713279,-4.223452571587231,0.3133164108172166,0.268106013205653,0.09611252729230176,0
6.549060283425478,-3.2133853134364316,-0.9461702716521012,3.2565082269804977,2.352913945131956,0.20365360539507193,0.7569189454518077,0.6229870200529725,0.11909074345365164,0
6.197901098828302,-2.0687777398910336,-0.2189979793087602,2.480065892805615,2.8909991524559633,-1.660009070367627,-1.5724664996518745,0.1743510647539216,1.297333624541034,0
2.318446664872248,-3.521761314755631,1.5160025137895465,1.1653628498132664,2.2069250337706086,-2.8837131353550864,1.2844421109660642,0.420851249378104,2.8883540383313133,0
0.9015840430629145,-3.997572147076898,1.9696111380598929,1.5514188967253035,1.548992634065308,-6.992512745077581,-0.257979890186963,0.1403624244292963,0.9435296017483611,0
3.8292535886522847,-4.905656481253612,-0.4217892182606686,1.2762407014206731,2.8614532987654364,-3.62073853823284,-1.7106059604100579,0.23853588027408096,1.2582530658820172,0
-2.1390934235031556,-4.9516894424115705,-0.7497038907623221,2.540901441887507,-5.67416312403469,4.594297504239972,1.1447306767928525,0.15696270830777198,1.435357489848803,1
3.311758055859472,-2.918812104146003,2.1686007852353244,2.226128537718975,1.5430505717454321,-1.957967960736172,-0.49220011325491164,0.22784245636465283,0.3049154165765177,0
2.6941385022144697,-3.60984455672589,0.4782754545071979,-0.5164167354573399,4.921316536829503,-4.622608529665153,-1.5985300196197842,0.3787942610431414,0.04628441863979351,0
-0.7707240544135363,0.049455005441344735,3.7212381635217393,2.3605817286851822,1.5148892684781976,-3.0819526149925878,0.5351161581730022,0.26678926698424793,0.0018744996964852809,0
2.3988322937924185,-2.709867379150457,-0.1139761016764167,-3.7410163060781847,-1.048106049364033,1.1675680963853692,1.5205254137345667,0.27073589587688,0.43178231217473195,1
3.271993964239271,-2.6999755811002815,0.0009765590454846595,1.4840961410631366,3.4653458058978455,-6.102862491897265,1.5510140376559454,0.14046612269957223,0.27636532006528486,0
0.7769685819724625,1.3139590717316159,5.263001078935591,1.6031253353835657,0.59296449418339,-1.2347028854032898,1.8306538992358927,0.5573031712096528,0.06434411342177382,0
1.4164231962102558,-1.3274737758502413,2.630318007561695,2.593244421236134,2.003681431810578,2.282157335368683,1.470821839066752,0.5457510286530526,0.19787585106194766,0
-6.9862731018171464,-0.152673209819294,-2.141212270524105,-1.3040916216962102,-3.458054775119545,3.8690735036202426,-1.991436322618099,0.36535453014272734,0.1329588688537645,1
3.4780481806998287,-1.094164836390935,1.659253081331194,2.034610654367275,1.8570814054765594,-3.307223581191201,-0.4790353343464391,0.6708629861151051,2.4636742288678244,0
-0.33380352811327585,-0.7178730197879986,0.9283859944021322,1.0170239638176013,4.106287791225382,-4.679110695092616,1.2741703196220122,0.3952074165281248,0.1511336513405851,0
-1.9655623527160446,-2.1320962144214204,4.503748392384566,2.4505463049631695,-0.09185660691748287,1.8130124808003747,-0.5349879760061031,0.030789867152891393,0.7714297767788217,0
-4.001336453176814,-1.3409032809043748,-3.2576812006620948,-1.7076501651708773,-1.4700334407062843,2.880879288734299,0.40619402551882455,0.09330626753627377,0.8992024594027123,1
3.1580600788187914,-2.9930785474150823,0.7514431611643364,1.4893211279261906,3.1699876595747467,-1.5358623900113209,0.42526778949812805,0.17707672965135077,0.7841434854758376,0
0.35180228317858564,0.36376424202582935,3.0355269228636637,2.695370848105942,2.4430278870990554,-0.7347609119647547,-0.5398987838447078,0.3793491631568594,0.10431265842534505,0
1.1105761661973963,-3.0058409474120626,-1.7245995348569663,-3.1221944780491317,0.21662874176650915,0.19611916086896608,1.6178957091251505,0.06868078016882485,0.3838969252501528,1
-2.416220200909555,-1.0067346096823118,-2.4437566153049364,-3.3399448072108697,-1.0763480190121109,1.269329184296037,0.012913381544470415,0.2826920178473974,0.052631381293142446,1
1.5704125868387,-1.3121443967912982,2.047463558921774,2.676821071788082,1.7157885487452855,0.7251187711633036,-0.14086317624999678,0.4136695450777487,0.5036347304834397,0
0.8197651136214292,-1.0480540503447424,1.738398105011472,1.5968666376022447,3.029988047506455,-3.7779440800927797,1.9900549826475835,0.19291010454033578,0.2089928110694104,0
1.2094011711520793,-1.3207954004502058,3.805853328026129,4.355491399264039,-0.11209157443242868,0.9066258803839311,-0.02599854370953336,0.29717445860101327,0.8246977552360433,0
2.160052977264689,-0.21508496587382475,0.872340596443594,-4.971142102742611,-0.05501150303513214,0.6109110308431478,-1.2864069922856758,0.3428350213947969,1.1802836018094607,1
2.0175596646507383,0.11573007558840409,3.5208209537568225,1.1164465208933945,1.7685193689976897,-1.588924325883935,0.05227769145375216,0.3627122102148141,0.7595431274151718,0
-0.5064731741576849,-2.20865672143079,-1.6043722740234605,-3.6451011734437273,-0.5009600165268426,2.364008075986211,1.2560669420797201,0.21909905560275408,0.5695794801384951,1
-3.340849149568979,-0.18563550675628204,-1.2415244077727832,-0.4229830667880483,-3.5358563227612745,0.973937375889252,1.1074413075931258,0.4451036306482016,0.48993440759103224,1
0.6343812581256236,-0.8289229231495294,2.104756401897497,2.4454315207765394,1.1589592030547053,-2.890635531914552,1.154327060433884,0.1957933982426413,1.8432113115331596,0
3.1855483925394346,-0.4639839004964448,0.8898135798861297,2.3001600062550343,2.762812096228043,-0.14957428508663617,0.8320951359916471,0.28163301583135797,0.24765151431824273,0
2.786918112857919,-0.021554330533525734,2.4861562578069014,3.7784396088754355,0.8868901784406329,-1.2764168076897944,-0.9831286837332471,0.25679337220434534,1.3250801325584793,0
4.34910264715443,-3.3972906276028016,-1.2289025904623738,2.0576432429793035,3.737262613733318,-3.713533960911213,1.4483363433609258,0.2316133976124605,1.4166806835911638,0
-2.6470211047981564,-4.003022520733129,-1.8467632353340961,-0.6607233783145543,-3.2137960712259313,3.3099295793938417,1.5737738615050603,0.3070135268239853,0.543348827990033,1
1.3085121617647717,-1.8753237751486491,-0.05054593791009232,-2.1735857847997337,-3.0962244953841562,0.9488052095238331,-1.2233892135258038,0.5085653670837915,0.35282607353180745,1
0.9003259910739536,-1.932443240369654,3.2104332896892602,3.4661855815350258,0.8569191672673164,-1.7501299793474092,-1.4781774537944243,0.06033413097320925,0.6359004664831972,0
1.340946721215168,-2.7644436544109063,2.166021497068817,0.5244545164371484,2.7246250966242096,-3.012902023672134,1.9024198743564482,0.23790123202827781,0.09784871764875301,0
-1.7922427161871122,-3.356394479824303,-2.889525171312635,-2.738899916596343,-0.6329443548015019,2.828726303112986,1.4732958546014716,0.09692671261041898,0.04701826874426398,1
0.5620268687370267,-1.1526976584277244,0.2529669382525501,-2.339298899385516,-3.277763887908561,1.8601376482996723,1.5729445888397868,0.060319937967417005,0.11833678833247814,1
2.83758808548155,-1.6063366224783013,2.302898331687268,2.2500648328604265,1.8198287031718428,-0.617506265764048,1.5455055384975807,0.1583137179882063,0.20720257583024415,0
-2.6358924965210164,0.6966480681238525,-0.24188259485436925,-3.0815272550235715,-2.0911813397038723,2.340532798723143,0.16674729613491346,0.5457368651398501,0.7015359084328306,1
5.270034979270264,-1.1980161728181975,2.21337814384149,3.0531537531237487,0.6483466002480633,0.7960961772158188,0.5856069466631988,0.32101399505812145,1.8913807270531695,0
1.5926472473849542,-2.383916431013068,1.7142076418870429,0.22461395634059333,2.4808668183749467,-2.8615595134712066,0.18145140853456665,0.20672764758334097,0.2687194475316264,0
-3.2573463725673237,-1.288473768258843,-1.8870822232961155,0.06395896000431023,-4.345533966558788,1.701005896536504,-1.7951746032386837,0.16881290108663263,2.73586359349585,1
-1.88639320502636,-1.176853793053572,-3.8966587149749,-4.459864062573144,0.5694206881771193,0.8291226680128723,0.9820123414110906,0.34483894080676875,3.0990484122641337,1
4.3333516264204555,-4.173362492447877,2.0106298064883448,3.4170368862783427,0.46714046033115997,-0.26498967613760405,0.021328133343521127,0.2594214550408507,3.1918592037862257,0
-0.9763825997246913,-0.8521687075540076,3.455065801137213,1.4970513257194704,2.5727944006624193,-1.5919767332102654,0.5908362991609191,0.2175278689606399,1.817463411299125,0
1.462720432694344,-3.6442778972494247,-0.12721157738837308,-0.2579747382099531,3.9065921974448967,-2.6161152888062507,0.010559219902141148,0.08463675760336362,0.45228166038783485,0
-1.6567998874206757,-3.113575016218964,-0.4377876095280149,0.9236622172015583,-5.266968769442376,2.9082357467702074,-0.032754710710176216,0.13695734710386212,0.07546079095725347,1
2.323656770203707,-4.813533412358156,2.1670518456273795,1.5980210429908293,1.2178955472074593,-0.19553028115678628,-1.3128435620889327,0.508866635638397,0.8412267013478556,0
-0.2675802306097279,-1.3964313420597019,1.4995093411024654,3.109665099145836,2.7772996146245337,-4.80961198176141,-0.8851451394354042,0.30314958534306075,0.8179883149553356,0
1.1125289856525105,-1.484849774739394,0.5780455684091226,2.131133955059027,3.4766262327178103,-5.42951339096677,-1.3645892322241768,0.13457978259488268,1.8969584453314015,0
0.7957173697316924,-2.852056586619624,0.7411748312449149,1.4631857884013417,3.544590968412772,-1.3695860548707854,-1.2173348174986303,0.3316313332123066,5.519226153335959,0
4.700464680116796,-1.8090248260524915,0.04896399273668939,2.883297083286523,2.669745660671995,-3.932132640176544,1.8919095216812196,0.4371492459077506,0.7095963423947609,0
1.9777497211122441,-2.0822163673672898,1.056595265795374,0.7586744891609267,3.712421117067313,-1.9778235684905203,-1.3875462169112063,0.17072535447083617,0.423431589643056,0
-1.7849567983487362,-1.3383960831163824,-2.4598385221719985,-2.3705078627196667,-1.4946817525255165,0.9794271876909335,-0.9229183027791694,0.23304001896275434,0.20567417279511274,1
3.9282735641320947,-2.626339548855128,1.2429834074203954,1.5279212167047478,1.4480236600671996,-1.6566820846634072,0.36235863095433984,0.2479878320445071,0.004811380969675987,0
0.6502493598589281,1.0830429376857444,4.740234453279701,1.0878874335988316,1.7193212369093593,-4.592310942282884,0.4407143049465674,0.12669323395831505,0.7115427309306428,0
2.6943442165568903,-4.814192880809479,-3.079422538745642,1.8956231996080417,4.381193462907264,-6.070646971612604,-1.3841034810246837,0.3077685880300655,0.8108472197414719,0
0.35062975787294426,-3.122817345550579,1.0323980264391817,0.06438781579070807,3.5844721836819002,-4.950390729146322,1.1748697031408493,0.1340154425457391,1.7426178229351161,0
0.8030814676730105,-3.303004830879913,4.007049151731916,2.018126053614257,-0.8622310672041751,-2.326739004298368,1.1408114716513,0.06580719459774219,0.7023432710673455,0
-2.541333688784705,-2.7850408404976466,-3.4597117817918983,1.5832680838922815,-5.2296161545474416,0.4654306418371803,-1.0507291831844356,0.13079732488837617,2.4825296610580816,1
-1.51265925731454,-3.8396428736884625,-3.0537094024211786,-2.0848506218211935,-0.8278304420238158,1.9049882778474143,-0.8453347892981582,0.2967456955774774,0.9890858492758791,1
2.2622477226759887,-1.6867183438367026,2.216724463366668,2.463681411596586,1.515268666432039,-2.500211301374015,1.7519514618379879,0.13514133350667762,1.8346851638562947,0
0.4901267575445962,-1.8554053390086052,-0.08865091997654817,1.4056185784178676,4.494638206559622,-3.6129847910464274,1.3026857839179122,0.23940642806415027,0.16052296371371394,0
-0.7698809040723329,-2.859689593594348,-1.9079548325843612,-0.48548916238862905,-2.6497577914952584,-0.4347351665926995,0.7911881322500953,0.2647116332660117,1.9333423676237118,1
0.38476001022634354,-4.192839904216431,2.1016083748233823,0.7507460924181386,2.2269372232631364,-3.3781829122827074,-1.6710671139575979,0.0877074561935598,1.1243728236995525,0
-2.621276802386375,-2.991836839491058,-4.4151920679379675,-1.5239579250796877,-1.8717907008141514,1.3130049600877682,-0.3269436763896971,0.6901359529315839,0.18661037958640744,1
0.1642009737736727,-2.166496668085031,2.7003722578736253,2.1597038188558373,1.7475468338846942,-0.9177609271107758,0.2372074883073081,0.20327760906840087,0.21042917038775374,0
0.7078319733324969,-1.2868351183889346,2.7105789161420395,4.0593260184090205,1.2656037742404302,-1.2871398080149317,-1.2503548480648923,0.42076461042140306,2.6104782951691723,0
-1.7409334395999387,-3.4415207499898597,2.625272408286237,1.8942619311669888,1.5844203843366844,-3.492878328160406,-0.2070936715671019,0.23833113131040587,0.03274569626196719,0
0.8896418821747933,-1.7619010325635467,2.4360458538141025,2.1823463818052145,1.6350049066243302,-1.9042211791291026,0.40410350995475985,0.41589341059948715,0.6208915318763207,0
4.3412676973896795,-0.7333405896574974,2.8546346317773326,2.066294855847115,1.3436807488807787,-2.5788693994507352,-0.6904932795384031,0.3768287544948888,0.3761130601525545,0
4.340325882643881,-2.18719119279508,0.7046502641560639,2.9220848572745286,2.3116256294532302,-2.280759424885793,1.1237792758019487,0.26460301163029376,1.0938559380540387,0
3.9045733758217995,-2.8763272602995293,0.8295435053530615,4.989443408943238,0.3260853283200307,-0.21035323128084338,1.3617983265552218,0.06894583522849078,1.8302678146060312,0
-1.0244613275906689,-0.9604672639161163,4.13489545134473,3.0095366971745294,1.760230779851927,-0.9994269852998401,-0.705562122263717,0.5485966461127487,0.4468780921604757,0
4.243097315380374,-4.331491391916232,-2.109209735873299,-1.0531283215427685,4.733185217712421,-7.1379370159639635,1.3546286179698286,0.12980562061255144,0.5566986995927202,0
2.8611362012014565,-1.2807525739735355,2.673456258942197,2.0707700082397587,1.688968998654204,0.5362671548828883,-1.58569373558794,0.08931267266217417,4.012826392886757,0
0.7363288754787471,-2.3060517722631153,-0.45838642260086115,-1.521213796932291,-3.3487644797946485,-0.4093040755537025,1.3509163944906253,0.3938653565365649,1.5320904167182134,1
-1.7463312654465195,-3.0116311737005392,2.73370237181554,0.5731829618021722,2.4936854001259707,-4.4502997846147885,-1.3889982733295336,0.30094657744484954,2.2750101109298724,0
0.21859178491957554,-1.539875021478621,-2.587126747528302,-3.4572966694180325,0.36005931096176935,-0.6789583755592461,-1.6682913899610958,0.24098901999865366,0.5776106141522704,1
-1.8457647757563498,1.0296740582055222,5.764135243838685,1.0954058577853294,0.6779671920872754,-4.89231955238677,0.5671016177640449,0.16933246796658433,0.2666725971982917,0
-2.154463251564548,-1.64591905488274,-4.315173976159975,-4.84772815888295,0.9811230368681665,2.0801110822978326,-0.1122505369788227,0.5026823621751266,0.5307961563144362,1
1.4979950671242444,0.73312743482211,0.9800449164824196,2.545068736888506,3.5722429381232805,-4.17898338936344,1.631562401651331,0.1044857666073638,1.2591047475446147,0
-5.82057700892239,-0.888745096951864,-2.431088238557673,-1.3672181562035006,-3.2831599357814856,2.699084472747311,-0.5472432156366032,0.2753367499887619,0.11589402639882143,1
-0.7506974411573526,-5.041935781998732,-1.581915180228724,0.8156955826453127,-3.516162813452943,1.7086163195854378,-0.8513909462494853,0.08967820273199208,0.3153535618358562,1
-0.19947164600349288,-1.6700785644436127,2.8232207141934182,2.0198718305987273,1.935297922500769,-2.4864415289315573,0.0029396245767934204,0.3816464134853107,0.04775839211399909,0
4.182605609932262,-2.8927454836050623,2.8277473966519144,2.5998222053539175,0.16774515989025574,-0.9426101455243765,-0.17621525692535478,0.6643600121050333,0.5662462631253812,0
2.2663513244281073,-0.6609794835363731,2.351692110167184,1.8763375437233785,1.473150210826298,-0.8096486678664436,-0.622287815131247,0.346194635801836,1.7570435179475317,0
1.0379750494035247,-2.1494233903102207,0.5523607517768163,4.556004543548632,2.2495232381665144,-0.6613946944652078,0.7749651947933143,0.13808029814033712,0.024972932381754333,0
1.3322205602224721,-2.5077180663600664,0.9306366891762412,2.1518534407891896,2.2876611781155,-3.5999156670593493,1.0382473356556332,0.4184777921965499,1.1249260595578112,0
-4.361932055386431,-1.7890532977543838,-1.8817163478640688,-2.475063789002658,-1.5907266863429386,3.971589518102152,1.4119358761205465,0.18391901134110772,2.6955665646563323,1
4.291261173097766,-0.9930120269050275,0.2793769402406887,2.2613802191797565,2.906433050964305,-2.699402838873876,1.8914264188413714,0.16100035831005674,0.27040270630995394,0
-0.5662575302360846,-1.4142004710393257,5.22255763291297,0.783627696947161,0.6202837181642029,-1.0729276560785137,-0.9333752314699821,0.23602812881414398,1.1829775575277992,0
1.9221087339868288,-3.4765240377354756,0.37447220022133965,1.3800600271096388,2.7763182023928215,-2.3209142418065274,0.8643739299598461,0.0651676153764368,3.6929638278318757,0
-2.039565425345927,-2.515806749260416,-1.0623858332089664,-1.6328746947207788,-3.119667276793733,3.053774555036636,-0.42296705801701906,0.56371516539904,3.2775133949799318,1
-2.743652273504298,-2.102902071728463,-3.0320674303297737,-3.4214483572055325,-0.16134931993037283,3.1894183227654525,0.7083278878044323,0.2643318198361509,0.26778689130700195,1
0.4173322724263495,-1.505659566823602,2.962578473213935,1.3420010697605669,1.730663311859376,-3.4311128561117914,-0.09607323860311867,0.27688581282960006,0.10572842022871272,0
-5.386198658384665,-1.4231783748091709,-5.046659627637791,-1.5791029931869778,-1.3173961877574365,1.7525273419884924,1.9750924110717265,0.5164502911421598,0.1605004243987078,1
1.9826883444200532,-1.6571747850233662,1.1524940294186843,1.5655653480943945,2.756691845305496,-1.796657170299622,0.9156085431629997,0.5253932311909537,1.2107814925335931,0
-4.661952307214735,0.5883651082422809,-2.242623213860448,-2.5681619502128337,-3.0560828440222467,3.287058687459524,1.809965201737298,0.17948311474138512,1.2937475429877643,1
1.0833962069893919,-3.245178724353904,0.9038787754402442,3.177626937939939,2.552790359813775,-4.616445486663219,1.339878197924743,0.28446357433225194,1.121583810192477,0
-0.6760677182598294,-1.6035074090396941,-1.1802859847249683,-4.062003330542176,-0.6089599464614512,2.424372040220397,1.6116040446534843,0.1430766139125008,0.40959119030327673,1
-0.8546165404773967,-0.2672132091464128,-1.657787996759883,-3.004505892162307,-1.4293426910430145,1.0487711532003057,1.2576767888586997,0.46151914745671774,0.18606086701820382,1
-0.18773124322582313,-1.707775006073877,-1.2894948596121254,-4.970822633693098,0.3959998896017547,3.073237504681784,-0.16336347849635446,0.5515533737822935,0.869314335282954,1
5.440728385687896,-2.5603041426482793,0.6136688795733509,1.7328054158109665,2.682793443716921,-2.6418119207279305,-0.9928461866124625,0.05809439974809887,0.6610294140152899,0
2.1819995161446335,-3.454914648425693,-1.638725579062449,1.2440433391489032,4.471682335093213,-5.1169421216283135,-0.5187192981979112,0.5700615924045667,1.3050246420613123,0
-1.2999609040772087,-1.44898019964372,4.12460020419284,2.816769659753046,0.7290217771443159,-0.9569535435263397,-1.9190550694401982,0.11293588217016894,0.5822501612964748,0
0.08581427628982041,-1.0221376190511569,0.11321102308808406,-2.145011964471235,-3.3017736130281103,1.4169081746555374,0.0959726698586687,0.19461884064280388,0.4134564963928319,1
2.3943347297526945,-6.209527955519989,-1.886028120474787,0.5710262681578908,3.921979416268208,-0.7615881733692329,0.020231201081634786,0.08577142016006911,0.3474017551078008,0
3.4266825496520656,-0.8307359806348595,3.334722482695822,0.22223158491763928,2.191055314773524,-2.378584936253703,0.10100185932195282,0.33319228475183654,0.23758523225986125,0
1.8538516190238714,-4.081199531108145,0.043948690462217055,3.363326709572319,2.0365753550963652,-3.05947925358688,1.8961248998882554,0.11686779491300536,0.3089007735211861,0
2.7585450495897934,-3.8045669700716838,1.1552213831351155,2.6044987689387225,1.2727115755648144,0.9370833295180581,1.6458160138193572,0.21680450701278042,0.09963299243871919,0
1.9997870394861144,-3.869838454745678,-1.6724046125192773,1.6789926188824256,4.021036425545309,-4.742829957353466,-1.353148886679568,0.21178636592201486,0.4259592011328803,0
0.860492821232425,-2.275966062518527,0.6279693691806969,-1.1012624557722595,-4.671595935484655,2.8127668723441976,-0.5244699137764433,0.043880183634739924,0.03725525079795899,1
-0.3573507623174561,-2.1759071949144357,3.4610789725976505,2.689109083970071,0.30963436440693726,-3.0645081261101854,-0.30417528214695233,0.3386460302750883,0.2063034540169178,0
-0.9807848820542309,-3.131088106510065,-3.1450509849127517,-2.282208852711177,-0.7744843818017084,0.9232751102552834,-0.557868328593409,0.03018664219039859,1.3734588681128126,1
-2.449512194441765,-1.5292177407475183,0.03710994102478571,-2.562098323845608,-1.835774751210189,4.326870869205605,1.1939838544156522,0.19904814332855092,0.3937376276330676,1
-0.04319718630548519,-2.6462333236841085,-3.398750283479939,-1.6752807985776508,-2.098760132330293,-0.05038701171289439,0.09615067947034772,0.4056814305035176,1.1033344715765487,1
1.7193685391219167,-3.7764303291638406,1.2492787064460602,1.8663205125849107,2.23350980822909,-2.725974051344943,0.28839926788650017,0.4309973634820902,1.2618991915606028,0
3.072577858896692,-1.9522873573023107,1.3801252991957875,2.1262143381561858,2.5071128598490535,-0.34730276509155433,1.412054235951702,0.20163503718930478,0.8703268023463019,0
0.22374621963718422,-1.8521830627308002,3.0128564035005514,1.5095997488429092,1.9891182568475014,-1.6158751869947772,1.2237126136614345,0.10861864044831922,3.1868380920213686,0
-0.43562881763778627,1.19679625882869,6.158696027531733,4.782213178255564,-0.3449263097607558,6.409233075818365,-1.4711539087188013,0.31171191025685213,0.02167303938236324,0
-2.7390023627090785,-3.2754961386596104,-3.605025838564015,-4.405462911034087,1.9699509844413798,2.082663529270336,0.8556583363345371,0.3436637933482627,1.3419049157844964,1
-0.46693044555224406,0.3812888376638397,6.474510284253415,4.027930368996497,-1.0520155898363002,-0.30858309954621643,-0.25825548439185786,0.3871455564326257,3.18899289895672,0
3.1073124799674043,-1.066344788106545,3.451363725393067,3.452054405478269,-0.1457852635784751,0.031947390208451054,-0.8214043877499981,0.2513563211188336,1.9824725882410643,0
-2.183723182867974,-1.4061118386207745,-2.746798954024185,-3.5266417060686592,-1.3220919099311677,1.5577181504792315,-1.7999247163912546,0.4210462628239587,0.18379387028174546,1
4.016959731189688,-4.200725421359988,0.12800308496535528,0.9170327678450898,3.4881915687196576,-1.6792842981508562,-0.051001758618196114,0.21089291942318167,0.3957429808930482,0
1.594020516807051,-6.107164091857818,-0.4939088233404858,0.802623788947058,2.36725348989125,-3.8053644951555885,-0.5782532771018745,0.20801024460657092,0.18928797387938998,0
1.9605514071098988,-3.369228476212866,1.5077003029246134,2.0986097489530655,1.7615177410728426,-2.3106799592739864,-0.9939478412943967,0.20767257920954887,0.9195670025291949,0
2.9302839997262167,-2.692604425061719,0.8036173352539275,0.7783787360564436,2.777455298227335,-3.655431349034153,0.7786869183878302,0.311709240755322,1.2454477271640711,0
2.2175822577045845,-3.501960994899165,1.0115479709643203,2.1496002158361374,1.9600923168551112,-0.2887272909879235,1.077941549262348,0.24237970289258362,0.3813684330968233,0
-2.908937281522368,-1.4119893832738708,-4.116444601888814,-3.624073095312159,-0.4552990571681297,1.6229142525185765,-1.0208419238823008,0.521670289917517,0.7754566991417596,1
1.9090341105929265,-0.5218776218383152,3.6183795373812924,1.6289705694798393,1.3498094250150836,0.10124363116347146,-1.802210253282611,0.4969022184083908,1.1741569803315357,0
-2.367253925061105,-0.14791206691102565,-2.4384887474540817,-5.845674821967892,1.2571311169072992,1.9346978123912253,1.39501080226094,0.28397919356238804,0.5470398763136506,1
-2.6619633063580457,-1.3792956129935852,-1.8449692987596984,-1.341893075178365,-2.958391813088317,2.1797362124349444,-1.9601610351827867,0.05688769253448354,1.9242550359144055,1
1.379000849596887,0.43160437517251893,2.921636678649879,1.9129758328848996,2.279489244278334,-2.069461371810364,1.748449975685888,0.5588448380203992,1.4764376277066114,0
2.564890694087371,-0.6401243665926544,2.846696961408849,2.2787023831996494,1.3637025498886373,-2.411898610130085,0.5104794959308236,0.3775916054960437,0.06685110654369716,0
2.3931207604455293,-2.1539878394910277,2.4489790124852115,1.184572642768552,2.2920235801285576,-0.99844402804448,-0.7126134591947189,0.07760130821387667,0.9705497330227039,0
2.6309535775983663,-1.1616454557003557,2.4036194785028906,3.351089675951905,0.9752876553728704,1.3940869968418932,-1.0140883616930552,0.40784395417658337,0.2683050925407282,0
-0.5360373896313484,-1.1373909368024875,3.416653389819886,2.877785213260614,0.5458674042695775,-1.2809272977485104,-1.963977342942099,0.059444605087366834,0.8153560914702718,0
-2.915717854129141,-1.6926625941427824,-3.8100447113020035,-2.159262285534348,-1.417339239622884,0.9239903151453848,-1.0581143319564914,0.07373613222035444,3.1439641654514823,1
3.2389059535503213,-0.8467784663670079,4.579530005603207,3.968769331671953,-0.5148491846076539,0.5782668108510345,-1.4490867939314356,0.2255928044538498,2.1124772990408474,0
2.5514755897375876,0.22919909083419832,7.063156498460304,2.207462814088924,-1.4542833787215304,0.2769528150665277,0.44866488289258255,0.8000530630268351,0.5183814356797272,0
3.0364184951329727,-1.8973932852531188,3.039659522114767,1.7993216595781536,0.7264634485060033,-2.2040780667964865,-1.3338176456247948,0.13557454464881025,0.3446247801617627,0
5.149413080799073,-4.803736738289054,1.006320667877628,0.6848649683858037,1.8649297889244254,-0.48912316982517057,0.11451935014647718,0.5494577882026809,0.26710294201712514,0
-0.3059454541432185,-3.876667957172785,-2.8883031486391846,-1.5602748042378038,-1.9149717521857812,1.067281977654249,0.36046568937788326,0.41518634076906497,0.760387737725066,1
